ADAEUR	100	75
ADAGBP	100	75
ADAUSD	100	75
AUDCAD	500	300
AUDCHF	500	300
AUDCNH	500	100
AUDJPY	500	300
AUDNZD	500	300
AUDSGD	500	200
AUDZAR	500	100
AVXUSD	100	25
BCHEUR	100	75
BCHGBP	100	75
BCHUSD	100	75
BNBUSD	100	75
BTCGBP	100	25
CADCHF	500	300
CADJPY	500	300
CHFHUF	500	100
CHFJPY	500	300
CHFZAR	500	100
CMPUSD	100	25
DKKSEK	500	200
DOGEGBP	100	75
DOGEUSD	100	75
DOTEUR	100	75
DOTGBP	100	75
DOTUSD	100	75
EOSEUR	100	25
EOSGBP	100	25
ETHEUR	100	25
ETHGBP	100	25
EURAUD	500	300
EURCAD	500	300
EURCHF	500	300
EURCNH	500	100
EURCZK	500	200
EURDKK	500	200
EURGBP	500	300
EURHKD	500	200
EURHUF	500	100
EURJPY	500	300
EURMXN	500	100
EURNOK	500	200
EURNZD	500	300
EURPLN	500	100
EURSEK	500	200
EURSGD	500	200
EURZAR	500	100
GAUUSD	500	300
GBPAUD	500	300
GBPCAD	500	300
GBPCHF	500	300
GBPJPY	500	300
GBPNOK	500	200
GBPNZD	500	300
GBPSEK	500	200
GBPSGD	500	200
GLMEUR	100	25
GLMUSD	100	25
HKDJPY	500	200
KSMUSD	100	25
LNKEUR	100	25
LNKGBP	100	25
LNKUSD	100	25
LTCEUR	100	75
LTCGBP	100	75
LTCUSD	100	75
MATICGBP	100	25
NOKSEK	500	200
NZDCAD	500	300
NZDCHF	500	300
NZDJPY	500	300
NZDSEK	500	200
NZDSGD	500	200
POLUSD	100	75
SGDJPY	500	200
SOLEUR	100	75
SOLGBP	100	75
SOLUSD	100	75
TAOUSD	100	25
TRPUSD	100	25
TRUMPUSD	100	25
UNIEUR	100	75
UNIUSD	100	75
USDBRL	500	300
USDCNH	500	100
USDCZK	500	200
USDDKK	500	200
USDHKD	500	200
USDHUF	500	100
USDKRW	500	300
USDMXN	500	100
USDNOK	500	200
USDPLN	500	100
USDSEK	500	200
USDSGD	500	200
USDZAR	500	100
XAUUSD	500	200
XLMUSD	100	25
XRPEUR	100	75
XRPGBP	100	75
XRPUSD	100	75
XTZEUR	100	25
XTZUSD	100	25
